{
  "data_stats": {
    "train": {
      "X_mean": 1.5762253724460606e-07,
      "X_std": 0.9999999403953552,
      "X_min": -5.6311163902282715,
      "X_max": 15.722413063049316,
      "y_mean": 3.201721710865968e-06,
      "y_std": 0.9999993443489075,
      "y_min": -3.1073436737060547,
      "y_max": 2.410470724105835,
      "n_samples": 1690
    },
    "val": {
      "X_mean": 0.03350898250937462,
      "X_std": 1.04155695438385,
      "X_min": -5.642045974731445,
      "X_max": 15.949145317077637,
      "y_mean": 0.0666864812374115,
      "y_std": 0.9716765880584717,
      "y_min": -3.1070680618286133,
      "y_max": 2.410431385040283,
      "n_samples": 362
    },
    "test": {
      "X_mean": 0.11503300815820694,
      "X_std": 1.0068690776824951,
      "X_min": -6.201557636260986,
      "X_max": 16.57402229309082,
      "y_mean": 0.03721443936228752,
      "y_std": 1.041033148765564,
      "y_min": -3.1067516803741455,
      "y_max": 2.4103822708129883,
      "n_samples": 363
    }
  },
  "norm_params": {
    "mean": 36.89445495605469,
    "std": 5.436881065368652
  }
}