{
  "train_loss": [
    32.24954925393158,
    24.45052168504247,
    14.487445705341843,
    9.343716369484955,
    7.192939713316144,
    6.076756180457349,
    5.373952172837168,
    5.864882131792465,
    5.413951608369935,
    5.636218115968524,
    5.998145184426938,
    5.418363895056383,
    5.0814577813418405,
    5.456060629970622,
    5.531238870800666,
    5.789308826878385,
    4.516966626329242,
    4.83399472146664,
    5.249685125530891,
    4.951446785117096,
    4.234349475716645,
    4.439362539435333,
    5.479611113386334,
    4.3663851854936135,
    5.196789984433156,
    4.618859142627356,
    4.639636772983479,
    4.709137174318421,
    4.394701152477625,
    4.188373907557073,
    5.29153854891939,
    5.257151801631136,
    5.293020131453028,
    5.718173701808138,
    4.179374056042366,
    5.232632834956331,
    4.4756835856527655,
    4.444294191756338,
    4.134545605137663,
    4.513129450240225,
    4.652624512618443,
    4.78004067348984,
    5.531924900018944,
    3.97291147933816,
    4.460401836431251,
    4.396978994585433
  ],
  "val_loss": [
    25.126500447591145,
    14.39649780591329,
    7.1995924313863116,
    4.245132803916931,
    3.39725395043691,
    2.9412344296773276,
    2.640476624170939,
    2.6520313819249473,
    2.487836261590322,
    7.763386011123657,
    2.7225791613260903,
    2.4304729104042053,
    2.396443168322245,
    2.49337504307429,
    2.4370213945706687,
    2.466140886147817,
    2.381697158018748,
    2.369562109311422,
    2.463753640651703,
    2.4285430312156677,
    2.3686542312304177,
    2.4772536953290305,
    2.445201575756073,
    2.3807454705238342,
    2.348904848098755,
    2.349630137284597,
    2.405514180660248,
    2.3386571407318115,
    2.344500482082367,
    2.3280943632125854,
    2.333777964115143,
    2.3301123778025308,
    2.3443066477775574,
    2.326757808526357,
    2.3292828599611917,
    2.319525122642517,
    2.3611687819163003,
    2.3222395976384482,
    2.322487731774648,
    2.3270470102628074,
    2.323287089665731,
    2.335748871167501,
    2.3212979634602866,
    2.327837586402893,
    2.3289519548416138,
    2.32053409020106
  ],
  "cnn_metrics": [
    {
      "r2": -31.507518768310547,
      "rmse": 30.120587924118137,
      "mae": 22.358047485351562,
      "mbe": 5.532728672027588
    },
    {
      "r2": -15.884773254394531,
      "rmse": 21.70796719740819,
      "mae": 16.292198181152344,
      "mbe": 5.530176162719727
    },
    {
      "r2": -5.626707553863525,
      "rmse": 13.59942185912121,
      "mae": 10.03377914428711,
      "mbe": 1.0773190259933472
    },
    {
      "r2": -1.6285655498504639,
      "rmse": 8.565070664380992,
      "mae": 6.290727138519287,
      "mbe": -0.04503488913178444
    },
    {
      "r2": -0.585503339767456,
      "rmse": 6.652044122637904,
      "mae": 4.810088157653809,
      "mbe": -0.05607836693525314
    },
    {
      "r2": -0.08541154861450195,
      "rmse": 5.503877660001597,
      "mae": 4.077422142028809,
      "mbe": 0.6358934044837952
    },
    {
      "r2": 0.2934461236000061,
      "rmse": 4.440625876225943,
      "mae": 3.455199956893921,
      "mbe": 0.11311125010251999
    },
    {
      "r2": 0.24094277620315552,
      "rmse": 4.602659136887186,
      "mae": 3.4502856731414795,
      "mbe": 0.12285590916872025
    },
    {
      "r2": 0.40619128942489624,
      "rmse": 4.070941078428683,
      "mae": 3.2360048294067383,
      "mbe": 1.0074787139892578
    },
    {
      "r2": -8.05664348602295,
      "rmse": 15.898463893559173,
      "mae": 5.067869663238525,
      "mbe": 2.758265733718872
    },
    {
      "r2": 0.05149734020233154,
      "rmse": 5.145064364698904,
      "mae": 3.4149341583251953,
      "mbe": 1.0634326934814453
    },
    {
      "r2": 0.48669928312301636,
      "rmse": 3.784926715579784,
      "mae": 3.0180394649505615,
      "mbe": -0.03154662251472473
    },
    {
      "r2": 0.4945800304412842,
      "rmse": 3.755759330603342,
      "mae": 3.0091440677642822,
      "mbe": 0.901125431060791
    },
    {
      "r2": 0.3775864243507385,
      "rmse": 4.167840385426673,
      "mae": 3.136423349380493,
      "mbe": 0.6257339715957642
    },
    {
      "r2": 0.4834514260292053,
      "rmse": 3.7968822840240057,
      "mae": 2.941762924194336,
      "mbe": -0.09349275380373001
    },
    {
      "r2": 0.4550904631614685,
      "rmse": 3.8997228181592187,
      "mae": 3.0078701972961426,
      "mbe": -0.034618355333805084
    },
    {
      "r2": 0.5382324457168579,
      "rmse": 3.589907374767714,
      "mae": 2.8023622035980225,
      "mbe": 0.17452561855316162
    },
    {
      "r2": 0.5338848829269409,
      "rmse": 3.6067672490768894,
      "mae": 2.8372013568878174,
      "mbe": 0.693845272064209
    },
    {
      "r2": 0.4131971597671509,
      "rmse": 4.046854969107642,
      "mae": 3.000208616256714,
      "mbe": 0.36010193824768066
    },
    {
      "r2": 0.45785683393478394,
      "rmse": 3.8898112353735597,
      "mae": 2.97074556350708,
      "mbe": 0.6743611693382263
    },
    {
      "r2": 0.5466768145561218,
      "rmse": 3.5569315439950473,
      "mae": 2.780430316925049,
      "mbe": 0.19030293822288513
    },
    {
      "r2": 0.43200862407684326,
      "rmse": 3.9814605226055435,
      "mae": 2.9278180599212646,
      "mbe": -0.05552896112203598
    },
    {
      "r2": 0.45843881368637085,
      "rmse": 3.8877230319597076,
      "mae": 2.920114755630493,
      "mbe": 0.2577363848686218
    },
    {
      "r2": 0.5222395658493042,
      "rmse": 3.6515447874867935,
      "mae": 2.834561586380005,
      "mbe": 0.09766065329313278
    },
    {
      "r2": 0.5677236914634705,
      "rmse": 3.4733796712477614,
      "mae": 2.740293264389038,
      "mbe": -0.02251194790005684
    },
    {
      "r2": 0.5511630773544312,
      "rmse": 3.539287501039531,
      "mae": 2.7907497882843018,
      "mbe": 0.3642987012863159
    },
    {
      "r2": 0.4739629626274109,
      "rmse": 3.831596077601616,
      "mae": 2.882868528366089,
      "mbe": 0.08787598460912704
    },
    {
      "r2": 0.5712249279022217,
      "rmse": 3.4592846094467675,
      "mae": 2.7264914512634277,
      "mbe": 0.14047038555145264
    },
    {
      "r2": 0.5625284314155579,
      "rmse": 3.4941896165427226,
      "mae": 2.7561702728271484,
      "mbe": 0.15947790443897247
    },
    {
      "r2": 0.5683133602142334,
      "rmse": 3.471009901546422,
      "mae": 2.747960329055786,
      "mbe": 0.4723878800868988
    },
    {
      "r2": 0.5742781162261963,
      "rmse": 3.446946360038748,
      "mae": 2.722231149673462,
      "mbe": 0.11866076290607452
    },
    {
      "r2": 0.5771762132644653,
      "rmse": 3.4351937620549626,
      "mae": 2.702826499938965,
      "mbe": 0.16965441405773163
    },
    {
      "r2": 0.5608056783676147,
      "rmse": 3.5010629129867,
      "mae": 2.7448225021362305,
      "mbe": 0.02475026436150074
    },
    {
      "r2": 0.5690889358520508,
      "rmse": 3.4678903150185576,
      "mae": 2.7219064235687256,
      "mbe": 0.41771990060806274
    },
    {
      "r2": 0.564616858959198,
      "rmse": 3.4858391255886816,
      "mae": 2.7722623348236084,
      "mbe": 0.40680375695228577
    },
    {
      "r2": 0.5733911991119385,
      "rmse": 3.450535005744283,
      "mae": 2.7182493209838867,
      "mbe": 0.5363185405731201
    },
    {
      "r2": 0.5317325592041016,
      "rmse": 3.6150850649542767,
      "mae": 2.8128857612609863,
      "mbe": 0.0866037905216217
    },
    {
      "r2": 0.5775549411773682,
      "rmse": 3.4336549929211873,
      "mae": 2.716952085494995,