{
  "train_loss": [
    845.7596588134766,
    845.5280609130859,
    808.8834075927734,
    785.7417907714844,
    748.3413391113281,
    707.0248870849609,
    671.7061004638672,
    638.6242218017578,
    598.3671569824219,
    558.3673248291016,
    522.4784622192383,
    494.77703857421875,
    445.1144332885742,
    427.2648696899414,
    401.4366455078125,
    384.02197265625,
    374.6748504638672,
    354.20267486572266,
    360.38645935058594,
    335.443115234375,
    330.4768371582031,
    299.0923614501953,
    303.98718643188477,
    295.0171203613281,
    289.982666015625,
    277.7664108276367,
    270.1963577270508,
    265.65749740600586,
    261.80688095092773,
    259.7045211791992,
    257.82765197753906,
    253.8577766418457,
    238.9917335510254,
    243.7214813232422,
    238.79561614990234,
    240.06435012817383,
    239.89484024047852,
    267.6093101501465,
    236.6312026977539,
    238.8567237854004,
    237.58365631103516,
    243.8210220336914,
    248.53434371948242,
    239.93087005615234,
    250.77456665039062,
    234.8511505126953,
    239.7795753479004,
    236.55729293823242,
    238.67893600463867,
    239.31636810302734
  ],
  "val_loss": [
    2002.7119140625,
    1217.7451171875,
    864.9996948242188,
    707.911865234375,
    604.586669921875,
    535.2256469726562,
    496.2924499511719,
    459.4813232421875,
    420.8017883300781,
    383.4931945800781,
    354.4828796386719,
    327.780517578125,
    307.74774169921875,
    303.0350646972656,
    298.0125732421875,
    288.6909484863281,
    281.7179870605469,
    278.7940368652344,
    272.7181091308594,
    266.2342224121094,
    253.4388427734375,
    242.1424102783203,
    233.2627410888672,
    229.35350036621094,
    226.63619995117188,
    218.97991943359375,
    213.0479278564453,
    209.5736083984375,
    207.00921630859375,
    203.0405731201172,
    199.96546936035156,
    197.58432006835938,
    194.83937072753906,
    193.94419860839844,
    188.8819122314453,
    183.81570434570312,
    183.36415100097656,
    186.9827423095703,
    186.7860870361328,
    185.22998046875,
    184.43017578125,
    182.24746704101562,
    180.5411834716797,
    181.71524047851562,
    185.99151611328125,
    183.8622589111328,
    183.08120727539062,
    182.01885986328125,
    182.15037536621094,
    182.2021484375
  ],
  "train_metrics": [],
  "val_metrics": [
    {
      "r2": -163.45404052734375,
      "rmse": 53.40754597242673,
      "mae": 52.04759216308594,
      "mbe": -52.0086669921875
    },
    {
      "r2": -98.95124816894531,
      "rmse": 41.636523601956135,
      "mae": 40.55082702636719,
      "mbe": -40.521644592285156
    },
    {
      "r2": -69.95726776123047,
      "rmse": 35.08155258866474,
      "mae": 34.37869644165039,
      "mbe": -34.360233306884766
    },
    {
      "r2": -57.040496826171875,
      "rmse": 31.72823518891533,
      "mae": 31.286983489990234,
      "mbe": -31.273813247680664
    },
    {
      "r2": -48.55329132080078,
      "rmse": 29.316802597670524,
      "mae": 28.879859924316406,
      "mbe": -28.868282318115234
    },
    {
      "r2": -42.85983657836914,
      "rmse": 27.581244290660525,
      "mae": 27.040855407714844,
      "mbe": -27.028432846069336
    },
    {
      "r2": -39.666561126708984,
      "rmse": 26.5582269081335,
      "mae": 26.002586364746094,
      "mbe": -25.99046516418457
    },
    {
      "r2": -36.64857864379883,
      "rmse": 25.55375003057281,
      "mae": 24.99150276184082,
      "mbe": -24.980670928955078
    },
    {
      "r2": -33.47827911376953,
      "rmse": 24.45418078791053,
      "mae": 23.933931350708008,
      "mbe": -23.920888900756836
    },
    {
      "r2": -30.419387817382812,
      "rmse": 23.344211476780625,
      "mae": 22.84952735900879,
      "mbe": -22.83367919921875
    },
    {
      "r2": -28.041475296020508,
      "rmse": 22.443453793123343,
      "mae": 21.92955780029297,
      "mbe": -21.913490295410156
    },
    {
      "r2": -25.852046966552734,
      "rmse": 21.580874898320346,
      "mae": 21.046659469604492,
      "mbe": -21.03048324584961
    },
    {
      "r2": -24.208866119384766,
      "rmse": 20.91014274997229,
      "mae": 20.347990036010742,
      "mbe": -20.33237648010254
    },
    {
      "r2": -23.82610511779785,
      "rmse": 20.750789765184994,
      "mae": 20.255338668823242,
      "mbe": -20.23878288269043
    },
    {
      "r2": -23.417644500732422,
      "rmse": 20.57937736436839,
      "mae": 20.135517120361328,
      "mbe": -20.117753982543945
    },
    {
      "r2": -22.655452728271484,
      "rmse": 20.2556408219395,
      "mae": 19.833332061767578,
      "mbe": -19.814449310302734
    },
    {
      "r2": -22.086044311523438,
      "rmse": 20.010369473715606,
      "mae": 19.62377166748047,
      "mbe": -19.602981567382812
    },
    {
      "r2": -21.849267959594727,
      "rmse": 19.90748944458663,
      "mae": 19.56133270263672,
      "mbe": -19.54041862487793
    },
    {
      "r2": -21.352563858032227,
      "rmse": 19.6899226559989,
      "mae": 19.35675811767578,
      "mbe": -19.3359317779541
    },
    {
      "r2": -20.822132110595703,
      "rmse": 19.45489685078308,
      "mae": 19.128450393676758,
      "mbe": -19.107654571533203
    },
    {
      "r2": -19.774526596069336,
      "rmse": 18.98217258315187,
      "mae": 18.631105422973633,
      "mbe": -18.609966278076172
    },
    {
      "r2": -18.847999572753906,
      "rmse": 18.55405015352738,
      "mae": 18.18217658996582,
      "mbe": -18.160926818847656
    },
    {
      "r2": -18.122760772705078,
      "rmse": 18.211916130933513,
      "mae": 17.846277236938477,
      "mbe": -17.82435417175293
    },
    {
      "r2": -17.80255699157715,
      "rmse": 18.05879611678198,
      "mae": 17.678565979003906,
      "mbe": -17.656339645385742
    },
    {
      "r2": -17.581058502197266,
      "rmse": 17.952112712159483,
      "mae": 17.583086013793945,
      "mbe": -17.560680389404297
    },
    {
      "r2": -16.951332092285156,
      "rmse": 17.645285761900844,
      "mae": 17.250062942504883,
      "mbe": -17.226770401000977
    },
    {
      "r2": -16.463542938232422,
      "rmse": 17.40389785078017,
      "mae": 16.980451583862305,
      "mbe": -16.956634521484375
    },
    {
      "r2": -16.177669525146484,
      "rmse": 17.260860838745305,
      "mae": 16.845335006713867,
      "mbe": -16.821117401123047
    },
    {
      "r2": -15.96719741821289,
      "rmse": 17.154789541093727,
      "mae": 16.746232986450195,
      "mbe": -16.72209930419922
    },
    {
      "r2": -15.641857147216797,
      "rmse": 16.98952565357826,
      "mae": 16.59337043762207,
      "mbe": -16.56908416748047
    },
    {
      "r2": -15.390228271484375,
      "rmse": 16.860593170193663,
      "mae": 16.482969284057617,
      "mbe": -16.458295822143555
    },
    {
      "r2": -15.195714950561523,
      "rmse": 16.76024712792334,
      "mae": 16.40170669555664,
      "mbe": -16.376728057861328
    },
    {
      "r2": -14.971597671508789,
      "rmse": 16.643878056445033,
      "mae": 16.295724868774414,
      "mbe": -16.270389556884766
    },
    {
      "r2": -14.898880004882812,
      "rmse": 16.60594611243402,
      "mae": 16.257144927978516,
      "mbe": -16.23166847229004
    },
    {
      "r2": -14.482568740844727,
      "rmse": 16.38709074741647,
      "mae": 16.02340316772461,
      "mbe": -15.997574806213379
    },
    {
      "r2": -14.06628704071045,
      "rmse": 16.16528870258402,
      "mae": 15.785755157470703,
      "mbe": -15.759257316589355
    },
    {
      "r2": -14.029325485229492,
      "rmse": 16.1454475340332,