{
  "train_loss": [
    439.4856103861107,
    69.16871515759883,
    3.3684924880288682,
    1.5591534927206219,
    1.0321713520108529,
    0.9149145779182326,
    0.9308305604840225,
    0.7929199665503682,
    0.741477721845204,
    0.7045044246709572,
    0.6804928208859462,
    0.6812176660827871,
    0.6143848813086186,
    0.6354726465805521,
    0.5830440545138323,
    0.572636013182829,
    0.5033131785831362,
    0.497487928366886,
    0.5154343116677033,
    0.49460174832141623,
    0.45148192936519405,
    0.4510521649752023,
    0.4637519877474263,
    0.4460748635091872,
    0.4304140010532343,
    0.42927860791953104,
    0.3926961362924216,
    0.388829804675759,
    0.40502466542540855,
    0.39791367779362874,
    0.40266947195215047,
    0.38558918687532534,
    0.39586408267605977,
    0.37072622382415915,
    0.3946348032299078,
    0.3926058456582843,
    0.3871173659023249,
    0.4150632879925224,
    0.3730747403120095,
    0.36967279958837435,
    0.36580521472782457,
    0.3485067585166895,
    0.3721551424208677,
    0.3630296121228416,
    0.3328083634095372,
    0.3593595976818283,
    0.33546567876946254,
    0.3349183751445896,
    0.3208300221078801,
    0.32814525095921643,
    0.3274734949447074,
    0.3250620254789883,
    0.31112175055269925,
    0.31165385991334915,
    0.3221403703374683,
    0.3172831879752987,
    0.32039119471918864,
    0.3041373775252756,
    0.31289709696792206,
    0.3105964202363536,
    0.3269174889011203,
    0.2911996397207368,
    0.29289139427666394,
    0.325471043024423,
    0.30176092838903645,
    0.28800565383906634,
    0.29671874811064525,
    0.2957988974620711,
    0.29002240496986315,
    0.31237620283972545,
    0.27917874323309594,
    0.2832274764495076,
    0.2887929856496037,
    0.3005726829452335,
    0.2810135009997296,
    0.29205370153177457,
    0.2913366807800419,
    0.27664320929995123,
    0.2849772461461571,
    0.27547841575348153
  ],
  "val_loss": [
    412.82298477836275,
    7.825970546058986,
    0.7215730923673381,
    0.47945159997629083,
    0.43932756716790405,
    0.4048233084056688,
    0.42564907670021057,
    0.38458105144293414,
    0.34439795723427896,
    0.33865526415731595,
    0.30887977876093076,
    0.5623722478099491,
    0.36057751237050345,
    0.3925971596137337,
    0.3399687749536141,
    0.3610303764757903,
    0.40181156604186347,
    0.34519924093847687,
    0.48335682989462564,
    0.3787882036488989,
    0.3855708293292833,
    0.3557247662025949,
    0.3612669628599416,
    0.3047827401238939,
    0.3348085582256317,
    0.32743643321420834,
    0.5034563107335049,
    0.28275501954814664,
    0.3334802949558134,
    0.36409617766090063,
    0.357351492928422,
    0.3532874691097633,
    0.4538759964963664,
    0.36309327411910763,
    0.34436997512112494,
    0.3301296613138655,
    0.3186458381621734,
    0.4512003174294596,
    0.44545456702294556,
    0.3246480547215628,
    0.34540350573218387,
    0.4479706740897635,
    0.487290869264499,
    0.3178774435882983,
    0.6809969654549723,
    0.3224052132471748,
    0.45121823380822723,
    0.3209015331838442,
    0.28366879049850546,
    0.24592704325914383,
    0.3032076060771942,
    0.3517265851083009,
    0.3102755164322646,
    0.35813443265531375,
    0.298152108879193,
    0.49991036109302356,
    0.3208040850965873,
    0.3308728894461756,
    0.2592094088702098,
    0.47456047457197437,
    0.3209504329639932,
    0.3305606314021608,
    0.3911841910170472,
    0.356903484981993,
    0.3198606028504994,
    0.32331494565891183,
    0.30777464580276737,
    0.2991690298785334,
    0.3008349353204603,
    0.3908105712869893,
    0.33241966528737027,
    0.2673338844400385,
    0.30298924640468927,
    0.25570806294031767,
    0.40480782026829926,
    0.25619021641171497,
    0.2523531395456065,
    0.3053677613320558,
    0.27283755414511845,
    0.3063913820230443
  ],
  "cnn_metrics": [
    {
      "r2": -58.00128173828125,
      "rmse": 40.57908763779226,
      "mae": 27.490453720092773,
      "mbe": 15.371135711669922
    },
    {
      "r2": -8.28307819366455,
      "rmse": 16.095984561192292,
      "mae": 13.319816589355469,
      "mbe": 12.424622535705566
    },
    {
      "r2": 0.0851067304611206,
      "rmse": 5.053086748137627,
      "mae": 3.9531073570251465,
      "mbe": 0.9403882026672363
    },
    {
      "r2": 0.36949652433395386,
      "rmse": 4.194838740417261,
      "mae": 3.2643020153045654,
      "mbe": -0.9637577533721924
    },
    {
      "r2": 0.38007909059524536,
      "rmse": 4.159486127439344,
      "mae": 3.2954375743865967,
      "mbe": 0.5935259461402893
    },
    {
      "r2": 0.42994266748428345,
      "rmse": 3.9886949046318807,
      "mae": 3.023547410964966,
      "mbe": -0.4457782804965973
    },
    {
      "r2": 0.40189164876937866,
      "rmse": 4.085652970569435,
      "mae": 3.0627124309539795,
      "mbe": -0.5788121223449707
    },
    {
      "r2": 0.4572572112083435,
      "rmse": 3.8919617834381,
      "mae": 3.116774082183838,
      "mbe": -1.4872421026229858
    },
    {
      "r2": 0.5067366361618042,
      "rmse": 3.710316816925208,
      "mae": 2.8894195556640625,
      "mbe": 0.08717172592878342
    },
    {
      "r2": 0.5179104804992676,
      "rmse": 3.6680511692850146,
      "mae": 2.9224584102630615,
      "mbe": -0.8149233460426331
    },
    {
      "r2": 0.5582089424133301,
      "rmse": 3.511397604849565,
      "mae": 2.8006768226623535,
      "mbe": -0.8178527355194092
    },
    {
      "r2": 0.2738719582557678,
      "rmse": 4.501716498323102,
      "mae": 3.1492838859558105,
      "mbe": 0.36862701177597046
    },
    {
      "r2": 0.4798521399497986,
      "rmse": 3.8100875976584914,
      "mae": 2.9013099670410156,
      "mbe": -0.7274622917175293
    },
    {
      "r2": 0.45660972595214844,
      "rmse": 3.894282816134259,
      "mae": 3.0604820251464844,
      "mbe": -0.9234294295310974
    },
    {
      "r2": 0.5072187185287476,
      "rmse": 3.7085031334795757,
      "mae": 2.8914666175842285,
      "mbe": -0.5164284706115723
    },
    {
      "r2": 0.47734004259109497,
      "rmse": 3.8192768838521443,
      "mae": 3.04494571685791,
      "mbe": -0.46323931217193604
    },
    {
      "r2": 0.42102766036987305,
      "rmse": 4.019763046417141,
      "mae": 2.9230458736419678,
      "mbe": -0.40577828884124756
    },
    {
      "r2": 0.5007996559143066,
      "rmse": 3.7325787553699468,
      "mae": 2.890617609024048,
      "mbe": -0.24272827804088593
    },
    {
      "r2": 0.32700514793395996,
      "rmse": 4.3338853533358925,
      "mae": 2.9276552200317383,
      "mbe": -1.226265788078308
    },
    {
      "r2": 0.45425963401794434,
      "rmse": 3.9026946710959574,
      "mae": 2.986661672592163,
      "mbe": -0.3487994074821472
    },
    {
      "r2": 0.43438225984573364,
      "rmse": 3.9731324997225506,
      "mae": 3.094939708709717,
      "mbe": -0.0896327793598175
    },
    {
      "r2": 0.4950862526893616,
      "rmse": 3.753877796458242,
      "mae": 3.0120840072631836,
      "mbe": -0.6054246425628662
    },
    {
      "r2": 0.4720302224159241,
      "rmse": 3.838628442715969,
      "mae": 3.029653549194336,
      "mbe": -0.7503189444541931
    },
    {
      "r2": 0.5573471784591675,
      "rmse": 3.514820600248142,
      "mae": 2.816746950149536,
      "mbe": -0.1077907606959343
    },
    {
      "r2": 0.5156005024909973,
      "rmse": 3.6768286223261133,
      "mae": 2.9135239124298096,
      "mbe": -0.8784193396568298
    },
    {
      "r2": 0.5345799922943115,
      "rmse": 3.604077170846647,
      "mae": 2.811173915863037,