id,n_pixels,area_km2,centroid_y,centroid_x,mean_lst,max_lst,mean_gi_star,max_gi_star,intensity_score,extent_score,significance_score,priority_score,rank
4,11,0.027500000000000004,60.0,30.0,39.453643798828125,39.653045654296875,2.0791294357993384,2.2570266723632812,1.0,0.8333333333333333,1.0,0.95,1
2,12,0.030000000000000006,5.0,30.5,39.43959426879883,39.47639846801758,2.0383555412292482,2.089297294616699,0.46615451514712275,1.0,0.4353053333155245,0.6170534060535064,2
1,6,0.015000000000000003,4.833333333333333,56.666666666666664,39.42732620239258,39.66776657104492,1.969399162133535,1.9774736166000366,0.0,0.0,0.05882844278262453,0.01764853283478736,3
