id,n_pixels,area_km2,centroid_y,centroid_x,mean_lst,max_lst,mean_gi_star,max_gi_star,intensity_score,extent_score,significance_score,priority_score,rank
1,245,0.6125000000000002,38.118367346938776,5.4,33.4927978515625,33.87382125854492,2.940263439516328,4.906692028045654,1.0,1.0,1.0,1.0,1
2,4,0.010000000000000002,58.5,0.0,33.26551818847656,33.32710266113281,2.143842804431915,2.2594666481018066,0.0,0.0,0.10162807828289509,0.030488423484868528,2
