id,n_pixels,area_km2,centroid_y,centroid_x,mean_lst,max_lst,mean_gi_star,max_gi_star,intensity_score,extent_score,significance_score,priority_score,rank
1,28,0.07,3.607142857142857,56.964285714285715,40.164913177490234,40.22549819946289,2.1224599875722614,2.2990028858184814,1.0,1.0,1.0,1.0,1
2,14,0.035,5.0,33.5,39.95343017578125,40.033016204833984,2.0807855844497682,2.1659703254699707,0.012398681749354235,0.41666666666666663,0.6075769088887851,0.31223254536637723,2
3,4,0.010000000000000002,60.0,29.5,39.950775146484375,39.98355484008789,2.014094692468643,2.0703396797180176,0.0,0.0,0.3254830101272318,0.09764490303816954,3
