id,n_pixels,area_km2,centroid_y,centroid_x,mean_lst,max_lst,mean_gi_star,max_gi_star,intensity_score,extent_score,significance_score,priority_score,rank
1,5,0.012500000000000002,0.0,41.0,39.88666534423828,39.97083282470703,2.099218778610229,2.197728395462036,1.0,1.0,1.0,1.0,1
3,4,0.010000000000000002,5.75,29.75,39.798988342285156,39.85860824584961,2.0363032579422,2.1563363075256348,0.0,0.0,0.8258849648315931,0.24776548944947793,2
