id,n_pixels,area_km2,centroid_y,centroid_x,mean_lst,max_lst,mean_gi_star,max_gi_star,intensity_score,extent_score,significance_score,priority_score,rank
2,1095,2.7375000000000007,43.2310502283105,11.67123287671233,32.55481658518615,37.55216921889252,22.903844833374023,69.34413146972656,0.5,0.5,0.5,0.5,1
