id,n_pixels,area_km2,centroid_y,centroid_x,mean_lst,max_lst,mean_gi_star,max_gi_star,intensity_score,extent_score,significance_score,priority_score,rank
1,8,0.020000000000000004,55.375,10.375,44.282405853271484,44.40612030029297,2.024076970219612,2.1287178993225098,1.0,0.0,1.0,0.7,1
2,35,0.08750000000000002,57.628571428571426,38.285714285714285,44.19569396972656,44.39994812011719,2.0000035537992202,2.109457492828369,0.0,1.0,0.0,0.3,2
