id,n_pixels,area_km2,centroid_y,centroid_x,mean_lst,max_lst,mean_gi_star,max_gi_star,intensity_score,extent_score,significance_score,priority_score,rank
1,30,0.07500000000000001,51.06666666666667,37.86666666666667,43.73997116088867,44.01849365234375,2.0644680242538453,2.224759101867676,1.0,0.0,1.0,0.7,1
2,36,0.09000000000000002,58.888888888888886,39.22222222222222,43.61224365234375,43.89567184448242,2.0625958792368575,2.169135093688965,0.0,1.0,0.7899070974847493,0.5369721292454248,2
