id,n_pixels,area_km2,centroid_y,centroid_x,mean_lst,max_lst,mean_gi_star,max_gi_star,intensity_score,extent_score,significance_score,priority_score,rank
1,37,0.09250000000000001,2.675675675675676,57.24324324324324,39.69318389892578,39.80876159667969,2.019650871302631,2.115553379058838,1.0,1.0,1.0,1.0,1
2,4,0.010000000000000002,5.0,30.5,39.564674377441406,39.59659194946289,1.9802948057651522,2.004563808441162,0.0,0.0,0.2864856341327431,0.08594569023982292,2
