id,n_pixels,area_km2,centroid_y,centroid_x,mean_lst,max_lst,mean_gi_star,max_gi_star,intensity_score,extent_score,significance_score,priority_score,rank
2,204,0.5100000000000001,55.75,12.57843137254902,41.86319993339324,44.27359629870846,2.5920670113390387,3.3314846416839936,1.0,1.0,1.0,1.0,1
1,12,0.030000000000000006,45.333333333333336,1.4166666666666667,40.634548141577504,41.2860986212799,2.166564001259524,2.5167514261323043,0.4568975385234783,0.0,0.2764929267532709,0.26570689343537257,2
3,33,0.08250000000000002,57.666666666666664,30.242424242424242,39.60091633321322,40.43059777965612,2.055734166039624,2.2053958366422073,0.0,0.109375,0.0,0.0328125,3
